Компания;Эконом;Расстояние;Время заказа;Погода;IOS/ Android;Цена;Процент на телефоне;сом за км;Время поездки/мин;Повышенный спрос
Yandex Go;Комфорт ;10;18:14;Ясно;IOS;421;10%;42,1;40;Да
Yandex Go;Комфорт +;10;18:14;Ясно;IOS;471;10%;47,1;40;Да
Yandex Go;Комфорт +;10;18:14;Ясно;IOS;621;10%;62,1;40;Да
Yandex Go;Эконом;5,5;18:14;Ясно;IOS;397;10%;72,18181818;25;Да
Yandex Go;Комфорт;5,5;18:14;Ясно;IOS;420;10%;76,36363636;25;Да
Yandex Go;Комфорт +;5,5;18:14;Ясно;IOS;437;10%;79,45454545;25;Да
Yandex Go;Эконом;3,3;18:14;Ясно;IOS;334;10%;101,2121212;16;да
Yandex Go;Комфорт;3,3;18:14;Ясно;IOS;354;10%;107,2727273;16;да 
Yandex Go;Комфорт +;3,3;18:14;Ясно;IOS;374;10%;113,3333333;16;да
Yandex Go;Эконом;12;18:13;Ясно;IOS;549;11%;45,75;53;да
Yandex Go;Комфорт;12;18:13;Ясно;IOS;580;11%;48,33333333;53;да
Yandex Go;Комфорт +;12;18:13;Ясно;IOS;607;11%;50,58333333;53;да
Yandex Go;Эконом;8,1;18:13;Ясно;IOS;441;11%;54,44444444;37;да
Yandex Go;Комфорт;8,1;18:13;Ясно;IOS;470;11%;58,02469136;37;да
Yandex Go;Комфорт +;8,1;18:13;Ясно;IOS;488;11%;60,24691358;37;да
Yandex Go;Эконом;12;16:34;Ясно;IOS;427;38%;35,58333333;52;да
Yandex Go;Комфорт;12;16:34;Ясно;IOS;457;38%;38,08333333;52;да
Yandex Go;Комфорт +;12;16:34;Ясно;IOS;513;38%;42,75;52;да
Yandex Go;Эконом;8,1;16:35;Ясно;IOS;331;38%;40,86419753;31;да
Yandex Go;Комфорт;8,1;17:35;Ясно;IOS;336;38%;41,48148148;31;да
Yandex Go;Комфорт +;8,1;18:35;Ясно;IOS;347;38%;42,83950617;31;да
Yandex Go;Эконом;5,5;16:34;Ясно;IOS;371;38%;67,45454545;26;да
Yandex Go;Комфорт ;5,5;16:34;Ясно;IOS;396;38%;72;26;да
Yandex Go;Комфорт +;5,5;16:34;Ясно;IOS;414;38%;75,27272727;26;да
Yandex Go;Эконом;3,3;16:36;Ясно;IOS;310;38%;93,93939394;17;да
Yandex Go;Комфорт ;3,3;16:36;Ясно;IOS;332;38%;100,6060606;17;да
Yandex Go;Комфорт +;3,3;16:36;Ясно;IOS;344;38%;104,2424242;17;да
Yandex Go;Эконом;10;16:33;Ясно;IOS;329;38%;32,9;36;да
Yandex Go;Комфорт ;10;16:33;Ясно;IOS;386;38%;38,6;36;да
Yandex Go;Комфорт +;10;16:33;Ясно;IOS;471;38%;47,1;36;да
Yandex Go;Эконом;10;15:05;Ясно;IOS;359;62%;35,9;34;да
Yandex Go;Комфорт ;10;15:05;Ясно;IOS;382;62%;38,2;34;да
Yandex Go;Комфорт +;10;15:05;Ясно;IOS;404;62%;40,4;34;да
Yandex Go;Эконом;3,3;15:02;Ясно;IOS;190;62%;57,57575758;15;да
Yandex Go;Комфорт ;3,3;15:02;Ясно;IOS;209;62%;63,33333333;15;да
Yandex Go;Комфорт +;3,3;15:02;Ясно;IOS;227;62%;68,78787879;15;да
Yandex Go;Эконом;5,5;15:00;Ясно;IOS;241;64%;43,81818182;23;да
Yandex Go;Комфорт ;5,5;15:00;Ясно;IOS;262;64%;47,63636364;23;да
Yandex Go;Комфорт +;5,5;15:00;Ясно;IOS;277;64%;50,36363636;23;да
Yandex Go;Эконом;12;15:01;Ясно;IOS;371;64%;30,91666667;48;да
Yandex Go;Комфорт ;12;15:01;Ясно;IOS;397;64%;33,08333333;48;да
Yandex Go;Комфорт +;12;15:01;Ясно;IOS;487;64%;40,58333333;48;да
Yandex Go;Эконом;8,1;15:01;Ясно;IOS;269;64%;33,20987654;31;да
Yandex Go;Комфорт ;8,1;15:01;Ясно;IOS;283;64%;34,9382716;31;да
Yandex Go;Комфорт +;8,1;15:01;Ясно;IOS;343;64%;42,34567901;31;да
Yandex Go;Эконом;3,7;19:44;Прохладно;IOS;184;57%;49,72972973;12;нет
Yandex Go;Комфорт ;3,7;19:44;Прохладно;IOS;202;57%;54,59459459;12;нет
Yandex Go;Комфорт +;3,7;19:44;Прохладно;IOS;218;57%;58,91891892;12;нет
Yandex Go;Эконом;13;20:13;Прохладно;IOS;554;53%;42,61538462;44;да
Yandex Go;Комфорт ;13;20:13;Прохладно;IOS;589;53%;45,30769231;44;да
Yandex Go;Комфорт +;13;20:13;Прохладно;IOS;606;53%;46,61538462;44;да
Yandex Go;Эконом;8,7;20:27;Прохладно;IOS;341;59%;39,1954023;33;50/50
Yandex Go;Комфорт ;8,7;21:27;Прохладно;IOS;368;59%;42,29885057;33;50/50
Yandex Go;Комфорт +;8,7;22:27;Прохладно;IOS;382;59%;43,90804598;33;50/50
Yandex Go;Эконом;5,9;20:48;Прохладно;IOS;258;70%;43,72881356;20;50/50
Yandex Go;Комфорт ;5,9;20:48;Прохладно;IOS;277;70%;46,94915254;20;50/50
Yandex Go;Комфорт +;5,9;20:48;Прохладно;IOS;288;70%;48,81355932;20;50/50
Yandex Go;Эконом;3,7;21:00;Прохладно;IOS;208;69%;56,21621622;10;да
Yandex Go;Комфорт ;3,7;21:00;Прохладно;IOS;22;69%;5,945945946;10;да
Yandex Go;Комфорт +;3,7;21:00;Прохладно;IOS;233;69%;62,97297297;10;да
Yandex Go;Эконом;6,3;21:17;Прохладно;IOS;371;66%;58,88888889;17;да
Yandex Go;Комфорт ;6,3;22:17;Прохладно;IOS;399;66%;63,33333333;17;да
Yandex Go;Комфорт +;6,3;23:17;Прохладно;IOS;416;66%;66,03174603;17;да
Yandex Go;Эконом;10;21:32;Прохладно;IOS;272;64%;27,2;21;да
Yandex Go;Комфорт ;10;22:32;Прохладно;IOS;287;64%;28,7;21;да
Yandex Go;Комфорт +;10;23:32;Прохладно;IOS;304;64%;30,4;21;да
Yandex Go;Эконом;10;21:46;Прохладно;IOS;375;61%;37,5;30;да
Yandex Go;Комфорт ;10;22:46;Прохладно;IOS;400;61%;40;30;да
Yandex Go;Комфорт +;10;23:46;Прохладно;IOS;411;61%;41,1;30;да
Yandex Go;Эконом;4,2;22:01;Прохладно;IOS;224;57%;53,33333333;12;да
Yandex Go;Комфорт ;4,2;22:01;Прохладно;IOS;243;57%;57,85714286;12;да
Yandex Go;Комфорт +;4,2;22:01;Прохладно;IOS;259;57%;61,66666667;12;да
Yandex Go;Эконом;2,4;22:18;Прохладно;IOS;263;54%;109,5833333;7;да
Yandex Go;Комфорт ;2,4;22:18;Прохладно;IOS;283;54%;117,9166667;7;да
Yandex Go;Комфорт +;2,4;22:18;Прохладно;IOS;299;54%;124,5833333;7;да
Yandex Go;Эконом;6,5;22:36;Прохладно;IOS;246;50%;37,84615385;16;да
Yandex Go;Комфорт ;6,5;22:36;Прохладно;IOS;262;50%;40,30769231;16;да
Yandex Go;Комфорт +;6,5;22:36;Прохладно;IOS;278;50%;42,76923077;16;да
Yandex Go;Эконом;4,8;22:50;Прохладно;IOS;301;48%;62,70833333;12;да
Yandex Go;Комфорт ;4,8;22:50;Прохладно;IOS;320;48%;66,66666667;12;да
Yandex Go;Комфорт +;4,8;22:50;Прохладно;IOS;338;48%;70,41666667;12;да
Yandex Go;Эконом;3,6;23:09;Прохладно;IOS;241;46%;66,94444444;11;да 
Yandex Go;Комфорт ;3,6;23:09;Прохладно;IOS;258;46%;71,66666667;11;да
Yandex Go;Комфорт +;3,6;23:09;Прохладно;IOS;273;46%;75,83333333;11;да
Yandex Go;Эконом;2,3;23:32;Прохладно;IOS;240;43%;104,3478261;8;да
Yandex Go;Комфорт ;2,3;23:32;Прохладно;IOS;252;43%;109,5652174;8;да
Yandex Go;Комфорт +;2,3;23:32;Прохладно;IOS;271;43%;117,826087;8;да
Yandex Go;Эконом;2,9;23:35;Прохладно;IOS;243;42%;83,79310345;9;да
Yandex Go;Комфорт ;2,9;23:35;Прохладно;IOS;256;42%;88,27586207;9;да
Yandex Go;Комфорт +;2,9;23:35;Прохладно;IOS;275;42%;94,82758621;9;да
Yandex Go;Эконом;6;23:16;Пасмурно; Android;335;48%;55,83333333;16;да
Yandex Go;Комфорт ;6;23:16;Пасмурно; Android;361;48%;60,16666667;16;да
Yandex Go;Комфорт +;6;23:16;Пасмурно; Android;376;48%;62,66666667;16;да
Yandex Go;Эконом;4,5;23:19;Прохладно; Android;297;47%;66;11;да
Yandex Go;Комфорт ;4,5;23:19;Прохладно; Android;316;47%;70,22222222;11;да
Yandex Go;Комфорт +;4,5;23:19;Прохладно; Android;333;47%;74;11;да
Yandex Go;Эконом;4,5;15:51;Пасмурно; Android;178;1%;39,55555556;14;50/50
Yandex Go;Комфорт ;4,5;15:51;Пасмурно; Android;189;1%;42;14;50/50
Yandex Go;Комфорт +;4,5;15:51;Пасмурно; Android;200;1%;44,44444444;14;50/50
Yandex Go;Эконом;18;15:48;Пасмурно; Android;533;2%;29,61111111;42;50/50
Yandex Go;Комфорт ;18;15:48;Пасмурно; Android;657;2%;36,5;42;50/50
Yandex Go;Комфорт +;18;15:48;Пасмурно; Android;681;2%;37,83333333;42;50/50
Yandex Go;Эконом;18;23:25;Прохладно; Android;464;46%;25,77777778;36;50/50
Yandex Go;Комфорт ;18;23:25;Прохладно; Android;529;46%;29,38888889;36;50/50
Yandex Go;Комфорт +;18;23:25;Прохладно; Android;589;46%;32,72222222;36;50/50
Yandex Go;Эконом;9;23:31;Прохладно; Android;411;49%;45,66666667;17;да
Yandex Go;Комфорт ;9;23:31;Прохладно; Android;433;49%;48,11111111;17;да
Yandex Go;Комфорт +;9;23:31;Прохладно; Android;446;49%;49,55555556;17;да
Yandex Go;Эконом;9;15:48;Пасмурно; Android;229;2%;25,44444444;19;50/50
Yandex Go;Комфорт ;9;15:48;Пасмурно; Android;243;2%;27;19;50/50
Yandex Go;Комфорт +;9;15:48;Пасмурно; Android;278;2%;30,88888889;19;50/50
Yandex Go;Эконом;12;23:29;Прохладно; Android;512;45%;42,66666667;26;да
Yandex Go;Комфорт ;12;23:29;Прохладно; Android;539;45%;44,91666667;26;да
Yandex Go;Комфорт +;12;23:29;Прохладно; Android;551;45%;45,91666667;6;да
Yandex Go;Эконом;8;6:55;Прохладно; Android;320;92%;40;19;да
Yandex Go;Комфорт ;8;6:55;Прохладно; Android;342;92%;42,75;19;да
Yandex Go;Комфорт +;8;6:55;Прохладно; Android;255;92%;31,875;19;да
Yandex Go;Эконом;8;23:42;Прохладно; Android;355;43%;44,375;18;да
Yandex Go;Комфорт ;8;23:42;Прохладно; Android;356;43%;44,5;18;да
Yandex Go;Комфорт +;8;23:42;Прохладно; Android;368;43%;46;18;да
Yandex Go;Эконом;2,8;6:55;Прохладно; Android;225;92%;80,35714286;7;да
Yandex Go;Комфорт ;2,8;6:55;Прохладно; Android;245;92%;87,5;7;да 
Yandex Go;Комфорт +;2,8;6:55;Прохладно; Android;262;92%;93,57142857;7;да
Yandex Go;Эконом;2,8;23:46;Прохладно; Android;230;40%;82,14285714;8;да 
Yandex Go;Комфорт ;2,8;23:46;Прохладно; Android;243;40%;86,78571429;8;да
Yandex Go;Комфорт +;2,8;23:46;Прохладно; Android;261;40%;93,21428571;8;да
Yandex Go;Эконом;7;17:37;Ясно; Android;195;38%;27,85714286;23;да
Yandex Go;Комфорт ;7;17:37;Ясно; Android;219;38%;31,28571429;23;да
Yandex Go;Комфорт +;7;17:37;Ясно; Android;274;38%;39,14285714;23;да
Yandex Go;Эконом;7;23:52;Прохладно; Android;294;40%;42;16;да
Yandex Go;Комфорт ;7;23:52;Прохладно; Android;312;40%;44,57142857;16;да
Yandex Go;Комфорт +;7;23:52;Прохладно; Android;330;40%;47,14285714;16;да
Yandex Go;Эконом;7;12:25;Ясно; Android;363;87%;51,85714286;27;да
Yandex Go;Комфорт ;7;13:25;Ясно; Android;383;87%;54,71428571;27;да
Yandex Go;Комфорт +;7;14:25;Ясно; Android;398;87%;56,85714286;27;да
Yandex Go;Эконом;7;11:26;Ясно ; Android;428;79%;61,14285714;31;да
Yandex Go;Комфорт ;7;11:26;Ясно; Android;452;79%;64,57142857;31;да
Yandex Go;Комфорт +;7;11:26;Ясно; Android;472;79%;67,42857143;31;да
Yandex Go;Эконом;7;22:32;Прохладно; Android;258;22%;36,85714286;21;да
Yandex Go;Комфорт ;7;22:32;Прохладно; Android;280;22%;40;21;да
Yandex Go;Комфорт +;7;22:32;Прохладно; Android;293;22%;41,85714286;21;да
Yandex Go;Эконом;7;19:46;Прохладно; Android;248;12%;35,42857143;25;да
Yandex Go;Комфорт ;7;19:46;Прохладно; Android;262;12%;37,42857143;25;да
Yandex Go;Комфорт +;7;19:46;Прохладно; Android;278;12%;39,71428571;25;да
Yandex Go;Эконом;7;16:31;Ясно; Android;394;2%;56,28571429;29;да
Yandex Go;Комфорт ;7;16:31;Ясно; Android;417;2%;59,57142857;29;да
Yandex Go;Комфорт +;7;16:31;Ясно; Android;435;2%;62,14285714;29;да
Yandex Go;Эконом;7;14:34;Ясно; Android;362;21%;51,71428571;25;да
Yandex Go;Комфорт ;7;14:34;Ясно; Android;382;21%;54,57142857;25;да
Yandex Go;Комфорт +;7;14:34;Ясно; Android;456;21%;65,14285714;25;да
Yandex Go;Эконом;9;14:10;Ясно; Android;325;26%;36,11111111;38;да
Yandex Go;Комфорт ;9;14:10;Ясно; Android;350;26%;38,88888889;38;да
Yandex Go;Комфорт +;9;14:10;Ясно; Android;368;26%;40,88888889;38;да
Yandex Go;Эконом;3,9;8:29;Прохладно; Android;290;36%;74,35897436;16;да
Yandex Go;Комфорт ;3,9;8:29;Прохладно; Android;312;36%;80;16;да
Yandex Go;Комфорт +;3,9;8:29;Прохладно; Android;333;36%;85,38461538;16;да
Yandex Go;Эконом;3,9;7:27;Прохладно; Android;295;33%;75,64102564;16;да
Yandex Go;Комфорт ;3,9;8:27;Прохладно; Android;308;33%;78,97435897;16;да
Yandex Go;Комфорт +;3,9;9:27;Прохладно; Android;339;33%;86,92307692;16;да
Yandex Go;Эконом;1,9;6:57;Прохладно; Android;275;37%;144,7368421;6;да
Yandex Go;Комфорт ;1,9;6:57;Прохладно; Android;294;37%;154,7368421;6;да
Yandex Go;Комфорт +;1,9;6:57;Прохладно; Android;308;37%;162,1052632;6;да
Yandex Go;Эконом;1,9;0:17;Прохладно; Android;218;28%;114,7368421;5;да
Yandex Go;Комфорт ;1,9;0:17;Прохладно; Android;235;28%;123,6842105;5;да
Yandex Go;Комфорт +;1,9;0:17;Прохладно; Android;245;28%;128,9473684;5;да
Yandex Go;Эконом;10;21:53;Прохладно; Android;448;22%;44,8;38;да
Yandex Go;Комфорт ;10;21:53;Прохладно; Android;530;22%;53;38;да
Yandex Go;Комфорт +;10;21:53;Прохладно; Android;635;22%;63,5;38;да
Yandex Go;Эконом;10;0:19;Прохладно; Android;343;39%;34,3;21;да
Yandex Go;Комфорт ;10;0:19;Прохладно; Android;361;39%;36,1;21;да
Yandex Go;Комфорт +;10;0:19;Прохладно; Android;381;39%;38,1;21;да
Yandex Go;Эконом;4,7;21:53;Прохладно; Android;145;22%;30,85106383;13;50/50
Yandex Go;Комфорт ;4,7;21:53;Прохладно; Android;156;22%;33,19148936;13;50/50
Yandex Go;Комфорт +;4,7;21:53;Прохладно; Android;196;22%;41,70212766;13;50/50
Yandex Go;Эконом;4,7;0:25;Прохладно; Android;256;41%;54,46808511;11;да
Yandex Go;Комфорт ;4,7;0:25;Прохладно; Android;274;41%;58,29787234;11;да
Yandex Go;Комфорт +;4,7;0:25;Прохладно; Android;290;41%;61,70212766;11;да
Yandex Go;Эконом;2,7;21:47;Прохладно; Android;142;21%;52,59259259;9;да
Yandex Go;Комфорт ;2,7;21:47;Прохладно; Android;155;21%;57,40740741;9;да
Yandex Go;Комфорт +;2,7;21:47;Прохладно; Android;164;21%;60,74074074;9;да
Yandex Go;Эконом;2,7;0:29;Прохладно; Android;197;42%;72,96296296;7;да
Yandex Go;Комфорт ;2,7;0:29;Прохладно; Android;208;42%;77,03703704;7;да
Yandex Go;Комфорт +;2,7;0:29;Прохладно; Android;228;42%;84,44444444;7;да
Yandex Go;Эконом;6;19:54;Ясно; Android;268;54%;44,66666667;16;да
Yandex Go;Комфорт ;6;19:54;Ясно; Android;274;;45,66666667;16;да
Yandex Go;Комфорт +;6;19:54;Ясно; Android;301;;50,16666667;16;да
Yandex Go;Эконом;6;0:35;Прохладно; Android;316;43%;52,66666667;14;да
Yandex Go;Комфорт ;6;0:35;Прохладно; Android;339;43%;56,5;14;да
Yandex Go;Комфорт +;6;0:35;Прохладно; Android;362;43%;60,33333333;14;да
Yandex Go;Эконом;11;18:44;Дождливый; Android;455;19%;41,36363636;50;да
Yandex Go;Комфорт ;11;18:44;Дождливый; Android;478;19%;43,45454545;50;да
Yandex Go;Комфорт +;11;18:44;Дождливый; Android;516;19%;46,90909091;50;да
Yandex Go;Эконом;11;0:40;Прохладно; Android;324;45%;29,45454545;19;да
Yandex Go;Комфорт ;11;0:40;Прохладно; Android;349;45%;31,72727273;19;да
Yandex Go;Комфорт +;11;0:40;Прохладно; Android;367;45%;33,36363636;19;да
Yandex Go;Эконом;11;17:22;Дождливый; Android;435;25%;39,54545455;52;да
Yandex Go;Комфорт ;11;17:22;Дождливый; Android;450;25%;40,90909091;52;да
Yandex Go;Комфорт +;11;17:22;Дождливый; Android;481;25%;43,72727273;52;да
Yandex Go;Эконом;4;17:41;Дождливый; Android;195;65%;48,75;17;да
Yandex Go;Комфорт ;4;17:41;Дождливый; Android;215;65%;53,75;17;да
Yandex Go;Комфорт +;4;17:41;Дождливый; Android;230;65%;57,5;17;да
Yandex Go;Эконом;4;0:48;Прохладно; Android;245;50%;61,25;10;да
Yandex Go;Комфорт ;4;0:48;Прохладно; Android;261;50%;65,25;10;да
Yandex Go;Комфорт +;4;0:48;Прохладно; Android;274;50%;68,5;10;да
Yandex Go;Эконом;10;7:00;Прохладно; Android;342;41%;34,2;16;50/50
Yandex Go;Комфорт ;10;7:00;Прохладно; Android;364;41%;36,4;16;50/50
Yandex Go;Комфорт +;10;7:00;Прохладно; Android;397;41%;39,7;16;50/50
InDrive;Комфорт;10;18:13;Прохладно;IOS;360;12%;36;35;50/50
InDrive;Эконом;5,5;18:12;Прохладно;IOS;250;12%;45,45454545;20;да
InDrive;Комфорт;5,5;18:12;Прохладно;IOS;320;12%;58,18181818;20;да
InDrive;Комфорт;3,3;18:12;Прохладно;IOS;245;12%;74,24242424;12;да
InDrive;Комфорт;12;18:12;Прохладно;IOS;610;12%;50,83333333;50;да
InDrive;Комфорт;8,1;18:11;Прохладно;IOS;420;12%;51,85185185;35;да
InDrive;Комфорт;8,1;16:33;Ясно;IOS;305;38%;37,65432099;31;да
InDrive;Комфорт;12;16:33;Ясно;IOS;405;38%;33,75;36;да
InDrive;Комфорт;10;16:33;Ясно;IOS;385;39%;38,5;18;да
InDrive;Комфорт;5,5;16:31;Ясно;IOS;330;25%;60;18;да
InDrive;Комфорт;3,3;16:31;Ясно;IOS;250;47%;75,75757576;20;да
InDrive;Комфорт;10;15:05;Ясно;IOS;495;54%;49,5;45;да
InDrive;Комфорт;12;14:54;Ясно;IOS;430;12%;35,83333333;47;да
InDrive;Комфорт;8,1;14:54;Ясно;IOS;330;58%;40,74074074;36;да
InDrive;Комфорт;3,3;14:54;Ясно;IOS;280;45%;84,84848485;38;да
InDrive;Комфорт;5,5;14:54;Ясно;IOS;365;25%;66,36363636;29;да
InDrive;Комфорт;5,1;20:12;Прохладно;IOS;190;11%;37,25490196;25;да
InDrive;Комфорт;9,2;20:23;Прохладно;IOS;260;8%;28,26086957;39;да
InDrive;Комфорт;2,6;20:40;Прохладно;IOS;185;55%;71,15384615;15;да
InDrive;Комфорт;5,9;20:48;Прохладно;IOS;270;55%;45,76271186;20;да
InDrive;Комфорт;8;20:57;Прохладно;IOS;240;12%;30;33;да
InDrive;Комфорт;8,5;21:22;Прохладно;IOS;310;54%;36,47058824;30;да
InDrive;Комфорт;5,6;21:41;Прохладно;IOS;160;58%;28,57142857;19;нет
InDrive;Комфорт;4;21:57;Прохладно;IOS;375;96%;93,75;27;да
InDrive;Комфорт;7,3;22:14;Прохладно;IOS;205;33%;28,08219178;18;да
InDrive;Комфорт;5,2;22:40;Прохладно;IOS;320;21%;61,53846154;36;да
InDrive;Комфорт;11;22:52;Прохладно;IOS;195;25%;17,72727273;20;нет
InDrive;Комфорт;4,5;23:09;Прохладно;IOS;265;21%;58,88888889;26;да
InDrive;Комфорт;8,6;23:51;Прохладно;IOS;260;25%;30,23255814;38;да
InDrive;Комфорт;6,4;23:34;Прохладно;IOS;260;22%;40,625;34;да
InDrive;Комфорт;7,1;23:34;Прохладно;IOS;210;4%;29,57746479;40;50/50
InDrive;Комфорт;5;23:42;Прохладно;IOS;250;58%;50;25;да
Yandex Go;Эконом;12;13:32;Ясно;Android;372;21%;31;23;да
Yandex Go;Комфорт;12;13:32;Ясно;Android;397;21%;33,08333333;23;да
Yandex Go;Комфорт +;12;13:32;Ясно;Android;406;21%;33,83333333;23;да
Yandex Go;Эконом;0,44;13:38;ясно;Android;173;18%;393,1818182;4;да
Yandex Go;Комфорт;0,44;14:38;Ясно;Android;186;18%;422,7272727;4;да
Yandex Go;Комфорт +;0,44;15:38;Ясно;Android;202;18%;459,0909091;4;да
Navi Taxi;Эконом;9,8;13:44;Ясно;Android;281;18%;28,67346939;21;50/50
Navi Taxi;Комфорт;9,8;13:44;Ясно;Android;372;18%;37,95918367;21;50/50
Navi Taxi;Комфорт +;9,8;13:44;Ясно;Android;445;18%;45,40816327;21;50/50
Navi Taxi;Эконом;3,8;14:44;Ясно;Android;259;17%;68,15789474;75;да
Navi Taxi;Комфорт;3,8;15:44;Ясно;Android;274;47%;72,10526316;75;да
Navi Taxi;Комфорт +;3,8;16:44;Ясно;Android;299;17%;78,68421053;75;да
Yandex Go;Эконом;9,8;17:44;Ясно;Android;384;15%;39,18367347;23;да
Yandex Go;Комфорт;9,8;18:44;Ясно;Android;404;15%;41,2244898;23;да
Yandex Go;Комфорт +;9,8;19:44;Ясно;Android;428;15%;43,67346939;23;да
Navi Taxi;Эконом;5,3;2:03;Прохладно;Android;242;75%;45,66037736;16;да
Navi Taxi;Комфорт;5,3;2:03;Прохладно;Android;258;75%;48,67924528;16;да
Navi Taxi;Комфорт +;5,3;2:03;Прохладно;Android;274;75%;51,69811321;16;да
Navi Taxi;Эконом;4,3;2:03;Прохладно;Android;169;22%;39,30232558;11;да
Navi Taxi;Комфорт;4,3;2:03;Прохладно;Android;189;22%;43,95348837;11;да
Navi Taxi;Комфорт +;4,3;2:03;Прохладно;Android;209;22%;48,60465116;11;да
Navi Taxi;Эконом;7,1;22:32;Прохладно;Android;251;21%;35,35211268;17;да
Navi Taxi;Комфорт;7,1;22:32;Прохладно;Android;299;21%;42,11267606;17;да
Navi Taxi;Комфорт +;7,1;22:32;Прохладно;Android;337;21%;47,46478873;17;да
Navi Taxi;Эконом;8,7;21:53;Прохладно;Android;235;19%;27,01149425;20;50/50
Navi Taxi;Комфорт;8,7;21:53;Прохладно;Android;282;19%;32,4137931;20;50/50
Navi Taxi;Комфорт +;8,7;21:53;Прохладно;Android;319;19%;36,66666667;20;50/50
Navi Taxi;Эконом;6,7;20:31;Прохладно;Android;377;19%;56,26865672;15;да
Navi Taxi;Комфорт;6,7;20:31;Прохладно;Android;377;19%;56,26865672;15;да
Navi Taxi;Комфорт +;6,7;20:31;Прохладно;Android;415;19%;61,94029851;15;да
Navi Taxi;Эконом;7;14:35;Ясно;Android;316;21%;45,14285714;17;да
Navi Taxi;Комфорт;7;14:35;Ясно;Android;397;21%;56,71428571;17;жа
Navi Taxi;Комфорт +;7;14:35;Ясно;Android;439;21%;62,71428571;17;да
Navi Taxi;Эконом;7;14:25;Ясно;Android;261;3%;37,28571429;19;да
Navi Taxi;Комфорт;7;14:25;Ясно;Android;350;3%;50;19;да
Navi Taxi;Комфорт +;7;14:25;Ясно;Android;409;3%;58,42857143;19;да
Navi Taxi;Эконом;11;14:25;Ясно;Android;282;3%;25,63636364;24;50/50
Navi Taxi;Комфорт;11;14:25;Ясно;Android;331;3%;30,09090909;24;50/50
Navi Taxi;Комфорт +;11;14:25;Ясно;Android;419;3%;38,09090909;24;50/50
Yandex Go;Эконом;4;7:19;Прохладно;Android;341;60%;85,25;14;да
Yandex Go;Комфорт;4;7:19;Прохладно;Android;369;60%;92,25;14;да
Yandex Go;Комфорт +;4;7:19;Прохладно;Android;402;60%;100,5;14;да
Yandex Go;Эконом;4,6;7:56;Прохладно;Android;288;31%;62,60869565;25;да
Yandex Go;Комфорт;4,6;7:56;Прохладно;Android;320;31%;69,56521739;25;да
Yandex Go;Комфорт +;4,6;7:56;Прохладно;Android;356;31%;77,39130435;25;да
Yandex Go;Эконом;3,9;12:19;Пасмурно;Android;274;44%;70,25641026;18;да
Yandex Go;Комфорт;3,9;12:19;Пасмурно;Android;300;44%;76,92307692;18;да
Yandex Go;Комфорт +;3,9;12:19;Пасмурно;Android;324;44%;83,07692308;18;да
Yandex Go;Эконом;18;23:11;Холодно;Android;401;29%;22,27777778;23;нет
Yandex Go;Комфорт;18;23:11;Холодно;Android;465;29%;25,83333333;23;нет
Yandex Go;Комфорт +;18;23:11;Холодно;Android;499;29%;27,72222222;23;нет
Yandex Go;Эконом;6;14:44;Ясно;Android;205;5%;34,16666667;15;да
Yandex Go;Комфорт;6;14:44;Ясно;Android;219;5%;36,5;15;да
Yandex Go;Комфорт +;6;14:44;Ясно;Android;231;5%;38,5;15;да
Yandex Go;Эконом;6;14:46;Ясно;Android;184;5%;30,66666667;14;да
Yandex Go;Комфорт;6;14:46;Ясно;Android;197;5%;32,83333333;14;да
Yandex Go;Комфорт +;6;14:46;Ясно;Android;249;5%;41,5;14;да
Yandex Go;Эконом;8,5;12:28;Жарко;Android;363;98%;42,70588235;29;да
Yandex Go;Комфорт;8,5;12:28;Жарко;Android;392;98%;46,11764706;29;да
Yandex Go;Комфорт +;8,5;12:28;Жарко;Android;432;98%;50,82352941;29;да
Yandex Go;Эконом;12;15:00;Прохладно;Android;259;8%;21,58333333;26;50/50
Yandex Go;Комфорт;12;15:00;Прохладно;Android;297;8%;24,75;26;50/50
Yandex Go;Комфорт +;12;15:00;Прохладно;Android;387;8%;32,25;26;50/50
Yandex Go;Эконом;3,2;22:48;Прохладно;Android;118;6%;36,875;14;да
Yandex Go;Комфорт;3,2;22:48;Прохладно;Android;139;6%;43,4375;14;да
Yandex Go;Комфорт +;3,2;22:48;Прохладно;Android;186;6%;58,125;14;да
Yandex Go;Эконом;10;15:00;Прохладно;Android;207;8%;20,7;23;да
Yandex Go;Комфорт;10;15:00;Прохладно;Android;258;8%;25,8;23;да
Yandex Go;Комфорт +;10;15:00;Прохладно;Android;343;8%;34,3;23;да
Yandex Go;Эконом;11;3:04;Прохладно; Android;260;19%;23,63636364;50;нет
Yandex Go;Комфорт ;11;3:04;Прохладно; Android;289;19%;26,27272727;50;нет
Yandex Go;Комфорт +;11;3:04;Прохладно; Android;302;19%;27,45454545;50;нет
